{"stat.craftItem.umm3185118519.pearl":17,"stat.mineBlock.quark.roots_white_flower":1,"stat.pickup.minecraft.bone":4,"stat.craftItem.minecraft.cooked_rabbit":2,"stat.pickup.minecraft.stone_pressure_plate":1,"stat.leaveGame":3,"stat.mineBlock.minecraft.cobblestone":12,"stat.pickup.minecraft.flint":1,"stat.pickup.quark.limestone":1,"stat.mineBlock.srparasites.gore":2,"stat.pickup.quark.diamond_heart":2,"stat.pickup.umm3185118519.sapphire":20,"stat.pickup.umm3185118519.copper_ore":2,"stat.pickup.gravestone.death_info":2,"stat.mineBlock.minecraft.sandstone":34,"stat.swimOneCm":29896,"stat.mineBlock.umm3185118519.sapphire_ore":10,"stat.pickup.minecraft.porkchop":1,"stat.mineBlock.quark.roots":21,"stat.mineBlock.gravestone.gravestone":1,"stat.pickup.umm3185118519.topaz_pickaxe":1,"stat.useItem.minecraft.dirt":7,"stat.useItem.minecraft.stone_slab2":32,"stat.craftItem.umm3185118519.pearl_pickaxe":1,"stat.craftItem.umm3185118519.aluminum":3,"stat.useItem.minecraft.water_bucket":19,"stat.pickup.minecraft.rotten_flesh":10,"stat.pickup.umm3185118519.pearl_chestplate":1,"stat.pickup.minecraft.sand":2,"stat.craftItem.minecraft.furnace":2,"stat.craftItem.minecraft.stone_axe":1,"stat.craftItem.umm3185118519.molten_iron":3,"stat.pickup.minecraft.bucket":1,"stat.craftItem.minecraft.stone_pickaxe":2,"stat.mineBlock.umm3185118519.copper_ore":1,"stat.pickup.minecraft.cobblestone":1117,"stat.drop.umm3185118519.topaz_pickaxe":2,"stat.flyOneCm":324787,"stat.pickup.minecraft.sandstone":34,"stat.mineBlock.minecraft.sand":2,"stat.killEntity.Witch":1,"stat.pickup.quark.tallow":1,"stat.pickup.umm3185118519.tungsten_ore":12,"stat.pickup.umm3185118519.diamondsteel_pickaxe":1,"stat.pickup.minecraft.redstone":28,"stat.mineBlock.minecraft.iron_ore":45,"stat.timeSinceDeath":5604,"stat.craftItem.umm3185118519.topaz":6,"stat.pickup.umm3185118519.amber_ore":28,"stat.useItem.minecraft.iron_pickaxe":505,"stat.pickup.minecraft.stained_hardened_clay":1,"stat.craftItem.minecraft.wooden_pickaxe":1,"stat.pickup.minecraft.mutton":32,"stat.useItem.quark.root":3,"stat.craftItem.minecraft.bed":1,"stat.drop.gravestone.death_info":2,"stat.mineBlock.umm3185118519.topaz_ore":8,"stat.pickup.umm3185118519.aluminum_ore":13,"stat.pickup.umm3185118519.pearl_helmet":1,"stat.pickup.umm3185118519.topaz":3,"stat.furnaceInteraction":57,"stat.useItem.minecraft.cooked_porkchop":1,"stat.craftItem.umm3185118519.molten_diamond":3,"stat.mineBlock.minecraft.coal_ore":50,"stat.drop.minecraft.wool":2,"stat.pickup.srparasites.lurecomponent1":4,"stat.pickup.umm3185118519.jade_ore":10,"stat.mineBlock.umm3185118519.jade_ore":4,"stat.pickup.minecraft.furnace":4,"stat.useItem.minecraft.cooked_mutton":16,"stat.mineBlock.umm3185118519.tungsten_ore":6,"stat.craftItem.minecraft.stone_slab2":0,"stat.craftItem.umm3185118519.molten_carbon":3,"stat.mineBlock.minecraft.stained_hardened_clay":1,"stat.sprintOneCm":210623,"stat.craftItem.minecraft.stick":28,"stat.mineBlock.umm3185118519.cobalt_ore":1,"stat.useItem.umm3185118519.diamondsteel_pickaxe":7,"stat.mineBlock.minecraft.diamond_ore":10,"stat.craftItem.umm3185118519.pearl_helmet":1,"stat.mineBlock.minecraft.crafting_table":3,"stat.useItem.minecraft.diamond_pickaxe":38,"stat.useItem.minecraft.carrot":1,"stat.pickup.minecraft.emerald":9,"stat.mineBlock.umm3185118519.aluminum_ore":8,"stat.drop.quark.root_flower":1,"stat.deaths":1,"stat.drop":23,"stat.playOneMinute":126410,"stat.useItem.umm3185118519.pearl_pickaxe":1,"stat.mineBlock.minecraft.stone_pressure_plate":1,"stat.killEntity.Sheep":13,"stat.pickup.umm3185118519.aluminum_pickaxe":1,"stat.craftItem.minecraft.iron_pickaxe":3,"stat.pickup.umm3185118519.amethyst":12,"stat.craftItem.minecraft.diamond_pickaxe":2,"stat.killEntity.Zombie":14,"stat.mineBlock.minecraft.gold_ore":4,"stat.mineBlock.minecraft.tallgrass":23,"stat.craftItem.minecraft.cooked_mutton":16,"stat.diveOneCm":11298,"stat.drop.minecraft.diamond_pickaxe":1,"stat.chestOpened":4,"stat.useItem.minecraft.cooked_rabbit":2,"stat.drop.srparasites.lurecomponent1":4,"stat.useItem.minecraft.stone":5,"stat.drop.minecraft.wooden_pickaxe":1,"stat.pickup.minecraft.gravel":2,"stat.pickup.minecraft.arrow":10,"stat.craftItem.minecraft.cooked_porkchop":1,"stat.useItem.umm3185118519.aluminum_pickaxe":227,"stat.drop.umm3185118519.pearl_pickaxe":1,"stat.mineBlock.quark.roots_black_flower":1,"stat.drop.minecraft.iron_pickaxe":3,"stat.jump":1773,"stat.pickup.minecraft.coal":162,"stat.fallOneCm":33168,"stat.pickup.minecraft.iron_ingot":25,"stat.pickup.minecraft.carrot":1,"stat.useItem.minecraft.stone_axe":70,"stat.crouchOneCm":55135,"stat.craftItem.minecraft.torch":20,"stat.craftItem.minecraft.iron_ingot":43,"stat.pickup.minecraft.dirt":14,"stat.useItem.quark.root_flower":4,"stat.craftingTableInteraction":26,"stat.pickup.minecraft.iron_ore":68,"stat.mineBlock.minecraft.lapis_ore":3,"stat.drop.quark.tallow":1,"stat.mineBlock.minecraft.leaves2":1,"stat.mineBlock.minecraft.log2":14,"stat.mineBlock.quark.limestone":8,"stat.damageTaken":1866,"stat.mineBlock.minecraft.furnace":4,"stat.mineBlock.minecraft.torch":13,"stat.useItem.minecraft.wooden_pickaxe":3,"stat.pickup.umm3185118519.pearl":1,"stat.pickup.minecraft.log2":14,"stat.pickup.minecraft.dye":46,"stat.pickup.minecraft.bed":6,"stat.pickup.minecraft.wheat_seeds":5,"stat.pickup.minecraft.rabbit_hide":2,"stat.mineBlock.minecraft.gravel":3,"stat.useItem.minecraft.stone_pickaxe":255,"stat.craftItem.umm3185118519.topaz_pickaxe":1,"stat.killEntity.Rabbit":2,"stat.damageDealt":7802,"stat.sleepInBed":2,"stat.pickup.umm3185118519.topaz_ore":12,"stat.mineBlock.quark.roots_blue_flower":2,"stat.mineBlock.minecraft.dirt":10,"stat.killEntity.Pig":1,"stat.walkOneCm":271323,"stat.useItem.minecraft.torch":35,"stat.pickup.minecraft.golden_apple":5,"stat.craftItem.umm3185118519.aluminum_pickaxe":1,"stat.pickup.minecraft.stick":7,"stat.pickup.minecraft.diamond_pickaxe":1,"stat.drop.minecraft.rotten_flesh":5,"stat.pickup.minecraft.crafting_table":4,"stat.useItem.minecraft.cobblestone":86,"stat.craftItem.minecraft.crafting_table":3,"stat.killEntity.quark:stoneling":2,"stat.useItem.minecraft.lava_bucket":3,"stat.pickup.umm3185118519.tin_ore":26,"stat.mineBlock.minecraft.emerald_ore":3,"stat.pickup.umm3185118519.pearl_ore":21,"stat.mineBlock.umm3185118519.amber_ore":14,"stat.mineBlock.umm3185118519.pearl_ore":21,"stat.pickup.minecraft.iron_pickaxe":3,"stat.pickup.umm3185118519.ruby":6,"stat.pickup.quark.root_flower":5,"stat.craftItem.umm3185118519.diamond_steel":3,"stat.pickup.minecraft.stone":8,"stat.mineBlock.umm3185118519.ruby_ore":3,"stat.craftItem.umm3185118519.diamondsteel_pickaxe":1,"stat.killEntity.Skeleton":5,"stat.mineBlock.umm3185118519.tin_ore":12,"stat.craftItem.minecraft.bucket":2,"stat.craftItem.minecraft.planks":32,"stat.killEntity.Spider":1,"stat.pickup.quark.root":3,"stat.killEntity.quark:dweller":2,"stat.mobKills":56,"stat.craftItem.umm3185118519.pearl_chestplate":1,"stat.useItem.minecraft.golden_apple":4,"stat.pickup.minecraft.diamond":13,"stat.pickup.minecraft.torch":18,"stat.mineBlock.umm3185118519.amethyst_ore":7,"stat.mineBlock.minecraft.redstone_ore":3,"stat.sneakTime":20812,"stat.pickup.minecraft.wool":13,"stat.pickup.minecraft.rabbit":2,"stat.pickup.minecraft.lava_bucket":1,"stat.pickup.umm3185118519.cobalt_ore":2,"stat.mineBlock.minecraft.stone":666,"stat.useItem.minecraft.sandstone":29}