{"stat.craftItem.spartanweaponry.rapier_iron":1,"stat.mineBlock.umm3185118519.titanium_ore":4,"stat.craftItem.minecraft.cooked_rabbit":3,"stat.useItem.minecraft.stone":5,"stat.drop.minecraft.wooden_pickaxe":1,"stat.useItem.minecraft.iron_axe":2,"stat.leaveGame":2,"stat.pickup.minecraft.gravel":14,"stat.pickup.minecraft.arrow":5,"stat.craftItem.minecraft.cooked_porkchop":40,"stat.mineBlock.minecraft.cobblestone":7,"stat.pickup.minecraft.flint":3,"stat.mineBlock.minecraft.yellow_flower":1,"stat.craftItem.minecraft.iron_axe":1,"stat.useItem.minecraft.apple":1,"stat.pickup.minecraft.obsidian":10,"stat.mineBlock.srparasites.gore":6,"stat.useItem.minecraft.porkchop":2,"stat.pickup.gravestone.death_info":1,"stat.craftItem.minecraft.coal":14,"stat.drop.minecraft.apple":1,"stat.drop.minecraft.cooked_porkchop":1,"stat.useItem.minecraft.mutton":8,"stat.jump":1546,"stat.swimOneCm":19449,"stat.mineBlock.umm3185118519.sapphire_ore":1,"stat.pickup.minecraft.coal":234,"stat.fallOneCm":33027,"stat.useItem.spartanweaponry.rapier_iron":39,"stat.pickup.minecraft.cooked_porkchop":1,"stat.useItem.minecraft.stone_axe":57,"stat.pickup.minecraft.porkchop":42,"stat.drop.minecraft.wooden_sword":1,"stat.crouchOneCm":7494,"stat.craftItem.minecraft.torch":92,"stat.craftItem.minecraft.iron_ingot":62,"stat.useItem.minecraft.obsidian":9,"stat.useItem.minecraft.dirt":2,"stat.pickup.minecraft.dirt":7,"stat.craftItem.minecraft.iron_helmet":1,"stat.useItem.minecraft.stone_slab2":36,"stat.drop.minecraft.bed":1,"stat.craftingTableInteraction":39,"stat.pickup.minecraft.iron_ore":96,"stat.pickup.minecraft.sand":2,"stat.drop.spartanshields.shield_basic_stone":1,"stat.craftItem.minecraft.furnace":4,"stat.pickup.minecraft.gold_ore":4,"stat.mineBlock.minecraft.lapis_ore":6,"stat.craftItem.minecraft.flint_and_steel":1,"stat.drop.quark.tallow":29,"stat.craftItem.minecraft.stone_axe":3,"stat.craftItem.spartanshields.shield_basic_iron":1,"stat.mineBlock.minecraft.leaves2":1,"stat.craftItem.minecraft.iron_boots":1,"stat.mineBlock.minecraft.log2":49,"stat.damageTaken":1070,"stat.craftItem.minecraft.stone_pickaxe":13,"stat.mineBlock.minecraft.furnace":4,"stat.mineBlock.minecraft.torch":7,"stat.useItem.minecraft.wooden_pickaxe":34,"stat.useItem.minecraft.furnace":5,"stat.mineBlock.minecraft.obsidian":10,"stat.pickup.minecraft.cobblestone":877,"stat.craftItem.minecraft.wooden_sword":1,"stat.pickup.minecraft.log2":42,"stat.pickup.minecraft.dye":37,"stat.pickup.minecraft.planks":18,"stat.craftItem.minecraft.stone_sword":1,"stat.flyOneCm":261322,"stat.pickup.minecraft.bed":3,"stat.pickup.minecraft.wheat_seeds":6,"stat.mineBlock.minecraft.sand":2,"stat.drop.minecraft.wheat_seeds":6,"stat.pickup.minecraft.rabbit_hide":3,"stat.useItem.srparasites.evolutionlure":1,"stat.mineBlock.minecraft.gravel":7,"stat.useItem.minecraft.stone_pickaxe":1018,"stat.useItem.minecraft.stone_sword":16,"stat.craftItem.minecraft.iron_leggings":1,"stat.pickup.quark.tallow":37,"stat.damageDealt":8527,"stat.killEntity.Rabbit":3,"stat.mineBlock.minecraft.iron_ore":97,"stat.useItem.minecraft.wool":6,"stat.sleepInBed":2,"stat.timeSinceDeath":115828,"stat.craftItem.spartanshields.shield_basic_wood":2,"stat.mineBlock.minecraft.dirt":10,"stat.pickup.umm3185118519.amber_ore":3,"stat.useItem.minecraft.iron_pickaxe":10,"stat.killEntity.Pig":20,"stat.craftItem.minecraft.wooden_pickaxe":1,"stat.pickup.minecraft.mutton":62,"stat.walkOneCm":199621,"stat.craftItem.minecraft.bed":1,"stat.useItem.minecraft.torch":67,"stat.useItem.quark.custom_chest":3,"stat.drop.gravestone.death_info":1,"stat.pickup.umm3185118519.aluminum_ore":1,"stat.craftItem.quark.custom_chest":4,"stat.pickup.minecraft.crafting_table":7,"stat.useItem.minecraft.cobblestone":135,"stat.craftItem.minecraft.crafting_table":1,"stat.furnaceInteraction":129,"stat.drop.minecraft.flint_and_steel":1,"stat.drop.minecraft.dirt":5,"stat.useItem.minecraft.cooked_porkchop":14,"stat.craftItem.spartanweaponry.material":4,"stat.pickup.umm3185118519.titanium":4,"stat.mineBlock.minecraft.coal_ore":172,"stat.pickup.srparasites.lurecomponent1":4,"stat.pickup.umm3185118519.tin_ore":4,"stat.killEntity.Creeper":3,"stat.craftItem.srparasites.evolutionlure":2,"stat.pickup.minecraft.log":14,"stat.pickup.umm3185118519.pearl_ore":7,"stat.mineBlock.umm3185118519.amber_ore":9,"stat.mineBlock.umm3185118519.pearl_ore":7,"stat.pickup.minecraft.furnace":4,"stat.useItem.minecraft.cooked_mutton":2,"stat.craftItem.minecraft.stone_slab2":0,"stat.pickup.minecraft.stone":6,"stat.drop.minecraft.sapling":5,"stat.craftItem.minecraft.iron_chestplate":1,"stat.pickup.minecraft.sapling":5,"stat.sprintOneCm":209028,"stat.pickup.minecraft.apple":2,"stat.craftItem.minecraft.stick":76,"stat.craftItem.minecraft.wooden_axe":1,"stat.killEntity.Skeleton":4,"stat.mineBlock.umm3185118519.tin_ore":4,"stat.mineBlock.umm3185118519.cobalt_ore":4,"stat.craftItem.minecraft.planks":168,"stat.mineBlock.minecraft.diamond_ore":13,"stat.useItem.minecraft.flint_and_steel":1,"stat.mineBlock.minecraft.crafting_table":7,"stat.killEntity.Spider":1,"stat.pickup.minecraft.stone_sword":1,"stat.useItem.minecraft.diamond_pickaxe":128,"stat.mobKills":79,"stat.mineBlock.minecraft.log":14,"stat.mineBlock.umm3185118519.aluminum_ore":1,"stat.useItem.umm3185118519.pearl_ore":1,"stat.drop":54,"stat.pickup.minecraft.diamond":13,"stat.mineBlock.minecraft.leaves":4,"stat.playOneMinute":115828,"stat.craftItem.spartanshields.shield_basic_stone":1,"stat.useItem.minecraft.wooden_sword":20,"stat.pickup.minecraft.torch":10,"stat.killEntity.Sheep":38,"stat.mineBlock.minecraft.redstone_ore":8,"stat.sneakTime":3100,"stat.craftItem.minecraft.iron_pickaxe":1,"stat.pickup.minecraft.wool":37,"stat.pickup.minecraft.rabbit":3,"stat.craftItem.minecraft.diamond_pickaxe":1,"stat.killEntity.Zombie":4,"stat.pickup.umm3185118519.cobalt_ore":4,"stat.useItem.minecraft.wooden_axe":36,"stat.drop.minecraft.yellow_flower":1,"stat.pickup.minecraft.yellow_flower":1,"stat.mineBlock.minecraft.stone":829,"stat.mineBlock.minecraft.gold_ore":4,"stat.mineBlock.minecraft.tallgrass":27,"stat.craftItem.minecraft.cooked_mutton":54,"stat.diveOneCm":4530}