{"stat.mineBlock.quark.roots_white_flower":3,"stat.pickup.minecraft.bone":4,"stat.leaveGame":3,"stat.pickup.minecraft.gravel":28,"stat.pickup.minecraft.arrow":4,"stat.mineBlock.minecraft.cobblestone":14,"stat.pickup.minecraft.flint":6,"stat.pickup.quark.limestone":23,"stat.mineBlock.minecraft.deadbush":7,"stat.mineBlock.srparasites.gore":1,"stat.mineBlock.quark.roots_black_flower":2,"stat.pickup.umm3185118519.sapphire":2,"stat.pickup.umm3185118519.copper_ore":6,"stat.pickup.gravestone.death_info":7,"stat.mineBlock.minecraft.sandstone":3,"stat.useItem.minecraft.rotten_flesh":1,"stat.drop.minecraft.iron_pickaxe":2,"stat.drop.umm3185118519.jade_ore":7,"stat.jump":1170,"stat.swimOneCm":21503,"stat.mineBlock.umm3185118519.sapphire_ore":2,"stat.pickup.minecraft.coal":4,"stat.fallOneCm":17937,"stat.useItem.minecraft.planks":5,"stat.useItem.umm3185118519.topaz_pickaxe":4,"stat.useItem.minecraft.rabbit":2,"stat.mineBlock.quark.roots":38,"stat.crouchOneCm":2077,"stat.mineBlock.gravestone.gravestone":5,"stat.drop.umm3185118519.tin_ore":1,"stat.pickup.umm3185118519.topaz_pickaxe":1,"stat.pickup.minecraft.dirt":10,"stat.useItem.minecraft.dirt":9,"stat.useItem.quark.root_flower":8,"stat.useItem.minecraft.stone_slab2":13,"stat.craftingTableInteraction":15,"stat.pickup.minecraft.iron_ore":40,"stat.pickup.minecraft.rotten_flesh":5,"stat.pickup.minecraft.sand":6,"stat.pickup.minecraft.gold_ore":26,"stat.mineBlock.minecraft.leaves2":2,"stat.mineBlock.minecraft.log2":10,"stat.mineBlock.quark.limestone":16,"stat.damageTaken":1706,"stat.mineBlock.minecraft.torch":5,"stat.mineBlock.umm3185118519.copper_ore":6,"stat.pickup.minecraft.cobblestone":555,"stat.pickup.srparasites.assimilated_flesh":9,"stat.pickup.minecraft.log2":18,"stat.pickup.minecraft.planks":36,"stat.drop.minecraft.rabbit_hide":3,"stat.flyOneCm":92361,"stat.pickup.minecraft.sandstone":5,"stat.pickup.minecraft.wheat_seeds":2,"stat.mineBlock.minecraft.sand":6,"stat.drop.minecraft.wheat_seeds":2,"stat.pickup.minecraft.rabbit_hide":4,"stat.entityKilledBy.Zombie":2,"stat.mineBlock.minecraft.gravel":11,"stat.drop.minecraft.sand":5,"stat.damageDealt":1024,"stat.killEntity.Rabbit":4,"stat.pickup.minecraft.redstone":4,"stat.mineBlock.minecraft.iron_ore":34,"stat.timeSinceDeath":23746,"stat.pickup.umm3185118519.pearl_pickaxe":3,"stat.mineBlock.quark.roots_blue_flower":5,"stat.mineBlock.minecraft.dirt":10,"stat.useItem.minecraft.iron_pickaxe":162,"stat.pickup.umm3185118519.amber_ore":8,"stat.craftItem.quark.root_dye":3,"stat.useItem.quark.root":3,"stat.walkOneCm":275705,"stat.drop.gravestone.death_info":11,"stat.pickup.minecraft.stick":5,"stat.pickup.minecraft.diamond_pickaxe":1,"stat.mineBlock.umm3185118519.topaz_ore":1,"stat.pickup.minecraft.crafting_table":2,"stat.useItem.minecraft.cobblestone":85,"stat.furnaceInteraction":16,"stat.useItem.minecraft.gravel":2,"stat.mineBlock.minecraft.coal_ore":4,"stat.mineBlock.quark.stone_speleothem":2,"stat.pickup.srparasites.lurecomponent1":1,"stat.pickup.umm3185118519.tin_ore":1,"stat.mineBlock.minecraft.emerald_ore":1,"stat.craftItem.umm3185118519.copper_piece":4,"stat.mineBlock.umm3185118519.amber_ore":8,"stat.pickup.umm3185118519.jade_ore":7,"stat.pickup.minecraft.iron_pickaxe":6,"stat.pickup.quark.root_flower":20,"stat.mineBlock.umm3185118519.jade_ore":1,"stat.drop.minecraft.planks":31,"stat.pickup.minecraft.stone":21,"stat.drop.minecraft.emerald":1,"stat.sprintOneCm":85600,"stat.mineBlock.umm3185118519.tin_ore":1,"stat.craftItem.minecraft.planks":36,"stat.mineBlock.minecraft.crafting_table":2,"stat.pickup.quark.root":17,"stat.useItem.minecraft.diamond_pickaxe":289,"stat.mobKills":9,"stat.pickup.minecraft.emerald":1,"stat.drop.quark.root_flower":3,"stat.deaths":6,"stat.drop":66,"stat.playOneMinute":92995,"stat.useItem.umm3185118519.pearl_pickaxe":148,"stat.pickup.minecraft.torch":4,"stat.mineBlock.minecraft.redstone_ore":1,"stat.sneakTime":828,"stat.pickup.minecraft.rabbit":2,"stat.killEntity.Zombie":2,"stat.mineBlock.minecraft.stone":423,"stat.mineBlock.minecraft.gold_ore":6,"stat.mineBlock.minecraft.tallgrass":10,"stat.diveOneCm":6687}